Id,Designator,Package,Designation,Item Name,Manufacturer Product Number,Vendor,Digikey Part Number,Quantity,Cost Per Item,Cost,URL
1,"C1,C2",C_0603_1608Metric_Pad1.05x0.95mm_HandSolder,,10uF,CL10B106MQ8NRNC,Digikey,1276-1948-1-ND,2,$0.78 ,$1.56 ,https://www.digikey.com/en/products/detail/samsung-electro-mechanics/CL10B106MQ8NRNC/3887606?s=N4IgTCBcDaIDoBcDCAZAjABgEKYGwFkBFADgDkAlUpEAXQF8g
2,"J2,J3,J4,J5,J6,J7,J8,J9,J10,J1",SW_PUSH-12mm,,Conn_02x02_Top_Bottom,TL3305AF160QG,Digikey,EG5350CT-ND,10,$0.18 ,$1.80 ,https://www.digikey.com/product-detail/en/e-switch/TL3305AF160QG/EG5350CT-ND/5816195
3,"R2,R1,R5,R3,R7,R4,R10,R6,R12,R8,R15,R9,R17,R11,R18,R13,R19,R14,R20,R16,R21",R_0603_1608Metric_Pad1.05x0.95mm_HandSolder,,330,NTCG163NH331JT1,Digikey,445-174325-1-ND,21,$0.19 ,$3.99 ,https://www.digikey.com/en/products/detail/tdk-corporation/NTCG163NH331JT1/5872772
4,Conn1,Anderson_2_Vertical_Sidy_by_Side,Black Housing,"1327G6-BK Anderson Power Products PP15/30/45 Powerpole Connector Colored Housing, Loose Piece, Black",1327G6,Powerwerx,,1,$0.37 ,$0.37 ,https://powerwerx.com/anderson-powerpole-colored-housings
,,Anderson_2_Vertical_Sidy_by_Side,Red Housing,"1327-BK Anderson Power Products PP15/30/45 Powerpole Connector Colored Housing, Loose Piece, Red",1327,Powerwerx,,1,$0.37 ,$0.37 ,https://powerwerx.com/anderson-powerpole-colored-housings
5,U1,TM4C129E_Launchpad_FULL_THT_BOTTOM,,TM4C129E_Launchpad,EK-TM4C129EXL,Digikey,296-44249-ND,1,$29.99 ,$29.99 ,https://www.digikey.com/product-detail/en/texas-instruments/EK-TM4C129EXL/296-44249-ND/5764631
6,U2,OKI_Horizontal,,OKI,OKI-78SR-3.3/1.5-W36H-C,Digikey,811-3014-ND,1,$4.30 ,$4.30 ,https://www.digikey.com/product-detail/en/murata-power-solutions-inc/OKI-78SR-3.3-1.5-W36H-C/811-3014-ND/4878851
7,"D1,D3,D4,D6,D8,D9,D11,D13,D14,D16,D21",LED_0603_1608Metric_Pad1.05x0.95mm_HandSolder,,Green,LTST-C191KGKT,Digikey,160-1446-1-ND,11,$0.26 ,$2.86 ,https://www.digikey.com/product-detail/en/lite-on-inc/LTST-C191KGKT/160-1446-1-ND/386834
8,"D2,D5,D7,D10,D12,D15,D17,D18,D19,D20",LED_0603_1608Metric_Pad1.05x0.95mm_HandSolder,,Blue,LTST-C191TBKT,Digikey,160-1647-1-ND,10,$0.33 ,$3.30 ,https://www.digikey.com/product-detail/en/lite-on-inc/LTST-C191TBKT/160-1647-1-ND/573587
